id	titel	description	link	preis	marke	gtin	mpn	zustand	versandgewicht	bildlink	versand	verfügbarkeit	google_produktkategorie
56	Albers Bierschinken	Schweinefleisch, Rindfleisch, Trinkwasser, Kochsalz, Gewürze, Konservierungsstoffe: Natriumnitrit E250, Stabilisator: Poly- und Diphosphate E 450 E452, Ascorbinsäure E300, Mononatriumglutamat E621 Farbstoff E120; SELLERIE	http://www.alber-der-metzger.de/wurst/56-bierschinken.html	1.39				neu	0.11	http://www.alber-der-metzger.de/34-thickbox_default/bierschinken.jpg	:::9.99	auf lager	Wurst
57	feine Schinkenwurst mit Pistazien	Schweinefleisch, Rindfleisch, Trinkwasser, Kochsalz, Gewürze, Konservierungsstoffe: Natriumnitrit E250, Stabilisator: Poly- und Diphosphate E 450 E452, Ascorbinsäure E300, Mononatriumglutamat E621 Farbstoff E120 Hülsenfrüchte: PISTATIEN, SELLERIE	http://www.alber-der-metzger.de/wurst/57-schinkenwurst-mit-pistazien.html	1.42				neu	0.00	http://www.alber-der-metzger.de/35-thickbox_default/schinkenwurst-mit-pistazien.jpg	:::9.99	auf lager	Wurst
58	Rustikale Jagdwurst	Schweinefleisch, Rindfleisch, Trinkwasser, Kochsalz, Gewürze, Konservierungsstoffe: Natriumnitrit E250, Stabilisator: Poly- und Diphosphate E 450 E452, Ascorbinsäure E300, Mononatriumglutamat E621 Farbstoff E120 SELLERIE, GLUTEN	http://www.alber-der-metzger.de/wurst/58-jagdwurst.html	1.37				neu	0.00	http://www.alber-der-metzger.de/36-thickbox_default/jagdwurst.jpg	:::9.99	auf lager	Wurst
59	Champignonwurst	Schweinefleisch, Rindfleisch, Trinkwasser, Kochsalz, Gewürze, Konservierungsstoffe: Natriumnitrit E250, Stabilisator: Poly- und Diphosphate E 450 E452, Ascorbinsäure E300, Mononatriumglutamat E621 Farbstoff E121; SELLERIE	http://www.alber-der-metzger.de/wurst/59-champignonwurst.html	1.09				neu	0.00	http://www.alber-der-metzger.de/37-thickbox_default/champignonwurst.jpg	:::9.99	auf lager	Wurst
60	Gurkenwurst	Schweinefleisch, Rindfleisch, Trinkwasser, Kochsalz, Gewürze, Konservierungsstoffe: Natriumnitrit E250, Stabilisator: Poly- und Diphosphate E 450 E452, Ascorbinsäure E300, Mononatriumglutamat E621 Farbstoff E122 SENF, SELLERIE	http://www.alber-der-metzger.de/wurst/60-gurkenwurst.html	1.23				neu	0.00	http://www.alber-der-metzger.de/38-thickbox_default/gurkenwurst.jpg	:::9.99	auf lager	Wurst
61	Eierpastete	Schweinefleisch, Rindfleisch, Trinkwasser, Kochsalz, Gewürze, Konservierungsstoffe: Natriumnitrit E250, Stabilisator: Poly- und Diphosphate E 450 E452, Ascorbinsäure E300, Mononatriumglutamat E621 Farbstoff E123; PISTATIEN; SELLERIE	http://www.alber-der-metzger.de/wurst/61-eierpastete.html	1.30				neu	0.00	http://www.alber-der-metzger.de/39-thickbox_default/eierpastete.jpg	:::9.99	auf lager	Wurst
62	Paprikawurst	Schweinefleisch, Rindfleisch, Trinkwasser, Kochsalz, Gewürze, Konservierungsstoffe: Natriumnitrit E250, Stabilisator: Poly- und Diphosphate E 450 E452, Ascorbinsäure E300, Mononatriumglutamat E621 Farbstoff E124; SELLERIE	http://www.alber-der-metzger.de/wurst/62-paprikawurst.html	1.19				neu	0.00	http://www.alber-der-metzger.de/40-thickbox_default/paprikawurst.jpg	:::9.99	auf lager	Wurst
63	Kalbfleischwurst	Schweinefleisch, Rindfleisch, Trinkwasser, Kochsalz, Gewürze, Konservierungsstoffe: Natriumnitrit E250, Stabilisator: Poly- und Diphosphate E 450 E452, Ascorbinsäure E300, Mononatriumglutamat E621 Farbstoff E125, SELLERIE	http://www.alber-der-metzger.de/wurst/63-glatte-fleischwurst.html	1.25				neu	0.00	http://www.alber-der-metzger.de/389-thickbox_default/glatte-fleischwurst.jpg	:::9.99	auf lager	Wurst
64	Ansbacher	Schweinefleisch, Rindfleisch, Trinkwasser, Kochsalz, Gewürze, Konservierungsstoffe: Natriumnitrit E250, Stabilisator: Poly- und Diphosphate E 450 E452, Ascorbinsäure E300, Mononatriumglutamat E621 Farbstoff E126; SELLERIE	http://www.alber-der-metzger.de/wurst/64-ansbacher.html	1.35				neu	0.00	http://www.alber-der-metzger.de/42-thickbox_default/ansbacher.jpg	:::9.99	auf lager	Wurst
65	Göttinger oder Bierkugel	Schweinefleisch, Rindfleisch, Trinkwasser, Kochsalz, Gewürze, Konservierungsstoffe: Natriumnitrit E250, Stabilisator: Poly- und Diphosphate E 450 E452, Ascorbinsäure E300, Mononatriumglutamat E621 Farbstoff E127; SENF; SELLERIE	http://www.alber-der-metzger.de/wurst/65-gottinger.html	1.39				neu	0.00	http://www.alber-der-metzger.de/43-thickbox_default/gottinger.jpg	:::9.99	auf lager	Wurst
67	herzhafte Kochsalami	Schweinefleisch, Rindfleisch, Trinkwasser, Kochsalz, Gewürze, Konservierungsstoffe: Natriumnitrit E250, Stabilisator: Poly- und Diphosphate E 450 E452, Ascorbinsäure E300, Mononatriumglutamat E621 Farbstoff E129, SELLERIE	http://www.alber-der-metzger.de/wurst/67-kochsalami.html	1.45				neu	0.00	http://www.alber-der-metzger.de/391-thickbox_default/kochsalami.jpg	:::9.99	auf lager	Wurst
68	magere Krakauer	Schweinefleisch, Rindfleisch, Trinkwasser, Kochsalz, Gewürze, Konservierungsstoffe: Natriumnitrit E250, Stabilisator: Poly- und Diphosphate E 450 E452, Ascorbinsäure E300, Mononatriumglutamat E621 Farbstoff E130, Rauch, SELLERIE;	http://www.alber-der-metzger.de/wurst/68-krakauer.html	1.45				neu	0.00	http://www.alber-der-metzger.de/392-thickbox_default/krakauer.jpg	:::9.99	auf lager	Wurst
69	Gelbwurst ohne Petersilie	Schweinefleisch, Kalb- oder Jungrindfleisch, Trinkwasser, Kochsalz, Gewürze, Stabilisatoren: Poly- und Diphosphate E450 E452, Mononatriumglutamat E622, SELLERIE	http://www.alber-der-metzger.de/wurst/69-gelbwurst-ohne-petersilie.html	1.25				neu	0.00	http://www.alber-der-metzger.de/353-thickbox_default/gelbwurst-ohne-petersilie.jpg	:::9.99	auf lager	Wurst
70	Gelbwurst mit Petersilie	Schweinefleisch, Kalb- oder Jungrindfleisch, Trinkwasser, Kochsalz, Gewürze, Stabilisatoren: Poly- und Diphosphate E450 E452, Mononatriumglutamat E622, SELLERIE	http://www.alber-der-metzger.de/wurst/70-gelbwurst-mit-petersilie.html	1.25				neu	0.00	http://www.alber-der-metzger.de/348-thickbox_default/gelbwurst-mit-petersilie.jpg	:::9.99	auf lager	Wurst
71	Bauernpresssack	Schweinefleisch, Trinkwasser, Speisegelantine, Kochsalz, Gewürze, Essigsäure E 260, Geschmacksverstärker E 621 SELLERIE	http://www.alber-der-metzger.de/wurst/71-bauernpresssack-geschnitten.html	0.89				neu	0.00	http://www.alber-der-metzger.de/393-thickbox_default/bauernpresssack-geschnitten.jpg	:::9.99	auf lager	Wurst
72	Presssack rot	Schweinefleisch, Schweineblut, Trinkwasser, Milch, Kochsalz, Gewürze, Geschmacksverstärker E 621, Stabilisatoren: Natriumascorbat E 301, Konservierungsstoff Natriumnitrit E250, SELLERIE	http://www.alber-der-metzger.de/wurst/72-presssack-rot-geschnitten.html	0.90				neu	0.00	http://www.alber-der-metzger.de/350-thickbox_default/presssack-rot-geschnitten.jpg	:::9.99	auf lager	Wurst
73	Presssack weiß	Schweinefleisch, Trinkwasser, Kochsalz, Gewürze, Essigsäure E 260, Speisegelantine, Dextrose, Geschmacksverstärker E 621, Konservierungsstoff: Natriumnitrit E 250, SELLERIE	http://www.alber-der-metzger.de/wurst/73-presssack-weiss-geschnitten.html	0.93				neu	0.00	http://www.alber-der-metzger.de/351-thickbox_default/presssack-weiss-geschnitten.jpg	:::9.99	auf lager	Wurst
75	Marktler Zungenwurst	Schweinefleisch, Schweineblut, Trinkwasser, Milch, Kochsalz, Gewürze, Geschmacksverstärker E 621, Stabilisatoren: Natriumascorbat E 301, Konservierungsstoff Natriumnitrit E250, SELLERIE	http://www.alber-der-metzger.de/wurst/75-berliner-zungenwurst.html	1.29				neu	0.00	http://www.alber-der-metzger.de/53-thickbox_default/berliner-zungenwurst.jpg	:::9.99	auf lager	Wurst
76	Gemüsesülze		http://www.alber-der-metzger.de/wurst/76-gemusesulze.html	1.39				neu	0.00	http://www.alber-der-metzger.de/413-thickbox_default/gemusesulze.jpg	:::9.99	auf lager	Wurst
77	Putensülze		http://www.alber-der-metzger.de/wurst/77-putensulze.html	1.69				neu	0.00	http://www.alber-der-metzger.de/414-thickbox_default/putensulze.jpg	:::9.99	auf lager	Wurst
78	Asiasülze		http://www.alber-der-metzger.de/wurst/78-asiasulze.html	1.85				neu	0.00	http://www.alber-der-metzger.de/415-thickbox_default/asiasulze.jpg	:::9.99	auf lager	Wurst
79	altbayerischer Leberkäse	Schweinefleisch, Rindfleisch, Trinkwasser, Kochsalz, Gewürze, Konservierungsstoffe: Natriumnitrit E250, Stabilisator: Poly- und Diphosphate E 450 E452, Ascorbinsäure E300, Mononatriumglutamat E621, SELLERIE,	http://www.alber-der-metzger.de/wurst/79-altbayerischer-leberkase.html	1.35				neu	0.00	http://www.alber-der-metzger.de/57-thickbox_default/altbayerischer-leberkase.jpg	:::9.99	auf lager	Wurst
80	feueriger Chillileberkäse	Schweinefleisch, Rindfleisch, Trinkwasser, Kochsalz, Gewürze, Konservierungsstoffe: Natriumnitrit E250, Stabilisator: Poly- und Diphosphate E 450 E452, Ascorbinsäure E300, Mononatriumglutamat E622, SELLERIE	http://www.alber-der-metzger.de/wurst/80-chillileberkase.html	1.09				neu	0.00	http://www.alber-der-metzger.de/58-thickbox_default/chillileberkase.jpg	:::9.99	auf lager	Wurst
81	Käseleberkäse	Schweinefleisch, Rindfleisch, Trinkwasser, Emmentaler, Kochsalz, Gewürze, Konservierungsstoffe: Natriumnitrit E250, Stabilisator: Poly- und Diphosphate E 450 E452, Ascorbinsäure E300, Mononatriumglutamat E623, SELLERIE; PISTATIEN, LACTOSE	http://www.alber-der-metzger.de/wurst/81-kaseleberkase.html	1.16				neu	0.00	http://www.alber-der-metzger.de/59-thickbox_default/kaseleberkase.jpg	:::9.99	auf lager	Wurst
82	Albers Leberkäse	Schweinefleisch, Rindfleisch, Trinkwasser, Kochsalz, Gewürze, Konservierungsstoffe: Natriumnitrit E250, Stabilisator: Poly- und Diphosphate E 450 E452, Ascorbinsäure E300, Mononatriumglutamat E624, SELLERIE, SENF	http://www.alber-der-metzger.de/wurst/82-albers-leberkase.html	0.95				neu	0.00	http://www.alber-der-metzger.de/60-thickbox_default/albers-leberkase.jpg	:::9.99	auf lager	Wurst
83	Albers Kalbskäse	Schweinefleisch, Kalb- oder Jungrindfleisch, Trinkwasser, Kochsalz, Gewürze, Stabilisatoren: Poly- und Diphosphate E450 E452, Mononatriumglutamat E622 SELLERIE,	http://www.alber-der-metzger.de/wurst/83-kalbskase.html	1.00				neu	0.00	http://www.alber-der-metzger.de/61-thickbox_default/kalbskase.jpg	:::9.99	auf lager	Wurst
85	Stangenlyoner	Schweinefleisch, Rindfleisch, Trinkwasser, Kochsalz, Gewürze, Konservierungsstoffe: Natriumnitrit E250, Stabilisator: Poly- und Diphosphate E 450 E452, Ascorbinsäure E300, Mononatriumglutamat E621 Farbstoff E120; SELLERIE; SENF	http://www.alber-der-metzger.de/wurst/85-stangenlyoner.html	3.99				neu	0.00	http://www.alber-der-metzger.de/63-thickbox_default/stangenlyoner.jpg	:::9.99	auf lager	Wurst
86	bayerische Milzwurst	Schweinefleisch, Rindfleisch, Schweinemilz, Trinkwasser, Kochsalz, Gewürze, Konservierungsstoffe: Natriumnitrit E250, Stabilisator: Poly- und Diphosphate E 450 E452, Ascorbinsäure E300, Mononatriumglutamat E621 Farbstoff E120, SELLERIE	http://www.alber-der-metzger.de/wurst/86-milzwurst.html	1.49				neu	0.00	http://www.alber-der-metzger.de/64-thickbox_default/milzwurst.jpg	:::9.99	auf lager	Wurst
88	Käsebierwurst	Schweinefleisch, Rindfleisch, Trinkwasser, Emmentaler 15% (Pasteurisierte Kuhmilch, Speisesalz, Reifungskulturen, mikrobielles Lab, Calciumchlorid, Trennmittel Kartoffelstärke). Kochsalz, Gewürze, Konservierungsstoffe: Natriumnitrit E250, Stabilisator: Poly- und Diphosphate E 450 E452, Ascorbinsäure E300, Mononatriumglutamat E621 Farbstoff E127; SENF; SELLERIE; LAKTOSE	http://www.alber-der-metzger.de/wurst/88-kasebierwurst.html	1.49				neu	0.00	http://www.alber-der-metzger.de/66-thickbox_default/kasebierwurst.jpg	:::9.99	auf lager	Wurst
93	Putenbierschinken	Zutaten: 86% Putenfleisch, Trinkwasser, Nitritpökelsalz (Salz, Konservierungsstoff: Natriumnitrit), 2% Rapsöl, Dextrose, Glukosesirup, Stabilisatoren: Natriumcitrate, Diphosphate; Gewürze, Gewürzextrakte Antioxidationsmittel: Ascorbinsäure, Natriumascorbat.	http://www.alber-der-metzger.de/wurst/93-putenbierschinken.html	1.72				neu	0.00	http://www.alber-der-metzger.de/423-thickbox_default/putenbierschinken.jpg	:::9.99	auf lager	Wurst
94	Putenschinkenwurst	Zutaten: 83% Putenfleisch, Trinkwasser, Nitritpökelsalz (Salz, Konservierungsstoff: Natriumnitrit), 2% Rapsöl, Dextrose, Gewürze, Stabilisatoren: Natriumcitrate, Diphosphate; Glukosesirup, Antioxidationsmittel: Ascorbinsäure, Natriumascorbat; Gewürzextrakte.	http://www.alber-der-metzger.de/wurst/94-putenschinkenwurst.html	1.70				neu	0.00	http://www.alber-der-metzger.de/425-thickbox_default/putenschinkenwurst.jpg	:::9.99	auf lager	Wurst
95	Putenpaprikawurst		http://www.alber-der-metzger.de/wurst/95-putenpaprikawurst.html	1.65				neu	0.00	http://www.alber-der-metzger.de/426-thickbox_default/putenpaprikawurst.jpg	:::9.99	auf lager	Wurst
96	Putenfleischwurst		http://www.alber-der-metzger.de/wurst/96-putenfleischwurst.html	1.55				neu	0.00	http://www.alber-der-metzger.de/427-thickbox_default/putenfleischwurst.jpg	:::9.99	auf lager	Wurst
104	Speckwurst im Ring	Schweinespeck, Schweineblut, Trinkwasser, Kochsalz, Gewürze, Geschmacksverstärker E 621, SENF; SELLERIE	http://www.alber-der-metzger.de/wurst/104-speckwurst-im-ring.html	0.89				neu	0.00	http://www.alber-der-metzger.de/82-thickbox_default/speckwurst-im-ring.jpg	:::9.99	auf lager	Wurst
105	Bratensülze	170 g Schweinebraten, Trinkwasser, Speisegelatine, Kochsalz, Gewürze, HÜHNEREI, Gurken, Paprika, Essigsäure E 260, Saccharose, Dextrose, Geschmacksverstärker E 621, Konservierungsstoff: Natriumnitrit E 250 SELLERIE; SENF; HÜHNREI	http://www.alber-der-metzger.de/wurst/105-bratensulze.html	3.99				neu	0.00	http://www.alber-der-metzger.de/83-thickbox_default/bratensulze.jpg	:::9.99	auf lager	Wurst
106	Surbratensülze	170 g Schweinebraten, Trinkwasser, Speisegelatine, Kochsalz, Gewürze, Essigsäure E 260, Saccharose, Dextrose, Geschmacksverstärker E 621, Konservierungsstoff: Natriumnitrit E 250 SELLERIE; SENF, HÜHNEREI	http://www.alber-der-metzger.de/wurst/106-surbratensulze.html	3.99				neu	0.00	http://www.alber-der-metzger.de/84-thickbox_default/surbratensulze.jpg	:::9.99	auf lager	Wurst
107	Knöcherlsülze	Schweineknöcherlfleisch mind. 50 %, Trinkwasser, Kochsalz, Speisegelantine, Gewürze, Essigsäure E 260, Geschmacksverstärker E 621, Dextrose, Saccharose, SELLERIE	http://www.alber-der-metzger.de/wurst/107-knocherlsulze.html	2.95				neu	0.00	http://www.alber-der-metzger.de/85-thickbox_default/knocherlsulze.jpg	:::9.99	auf lager	Wurst
108	Original Ritterbrotzeit	Schweinefleisch, Rindfleisch, Trinkwasser, Kochsalz, Gewürze, Konservierungsstoffe: Natriumnitrit E250, Stabilisator: Poly- und Diphosphate E 450 E452, Ascorbinsäure E300, Mononatriumglutamat E621 Farbstoff E120, Rauch SENF, SELLERIE	http://www.alber-der-metzger.de/wurst/108-ritterbrotzeit.html	1.20				neu	0.00	http://www.alber-der-metzger.de/394-thickbox_default/ritterbrotzeit.jpg	:::9.99	auf lager	Wurst
109	Knoblauchstangerl	Schweinefleisch, Rindfleisch, Trinkwasser, Kochsalz, Gewürze, Konservierungsstoffe: Natriumnitrit E250, Stabilisator: Poly- und Diphosphate E 450 E452, Ascorbinsäure E300, Mononatriumglutamat E621 Farbstoff E120, Rauch SELLERIE; SENF	http://www.alber-der-metzger.de/wurst/109-knoblauchstangerl.html	2.99				neu	0.00	http://www.alber-der-metzger.de/87-thickbox_default/knoblauchstangerl.jpg	:::9.99	auf lager	Wurst
111	Nackensteak Paprika	frischer Schweinenacken, Speisesalz, Gewürze, Geschmacksverstärker: Mononatriumglutamat E 621, pflanzliches Öl, Palmöl ganz gehärtet	http://www.alber-der-metzger.de/convenience-und-grillen/111-nackensteak-paprika.html	4.79				neu	0.42	http://www.alber-der-metzger.de/395-thickbox_default/nackensteak-paprika.jpg	:::9.99	auf lager	Convenience und Grillen
112	Nackensteak Kräuter Knoblauch	frischer Schweinenacken, Speisesalz, Gewürze, Geschmacksverstärker: Mononatriumglutamat E 621, pflanzliches Öl, Palmöl ganz gehärtet	http://www.alber-der-metzger.de/convenience-und-grillen/112-nackensteak-krauter-knoblauch.html	4.79				neu	0.42	http://www.alber-der-metzger.de/90-thickbox_default/nackensteak-krauter-knoblauch.jpg	:::9.99	auf lager	Convenience und Grillen
113	Bärlauchlendchen	Schweinelendchen, Rapsöl (teilweise gehärtet), Gewürze, Meersalz, Dextrose, Aroma SELLERIE	http://www.alber-der-metzger.de/convenience-und-grillen/113-barlauchlendchen.html	4.89				neu	0.42	http://www.alber-der-metzger.de/91-thickbox_default/barlauchlendchen.jpg	:::9.99	auf lager	Convenience und Grillen
114	Putensteak Indonesia	frische Putenbrust, Jodiertes Salz (mit ganz gehärtetem Palmöl ummantelt), Gewürze (u.a. Senf), Saccharose, Würze (hydrolisiertes Pflanzeneiweiß, Speisesalz, Sonnenblumenöl), Geschmacksverstärker: *E621 Mononatriumglutamat SENF,	http://www.alber-der-metzger.de/convenience-und-grillen/114-putensteak-indonesia.html	3.89				neu	0.00	http://www.alber-der-metzger.de/396-thickbox_default/putensteak-indonesia.jpg	:::9.99	auf lager	Convenience und Grillen
116	Grillwammerl feurig	frischer Schweinebauch, Pflanzliches Öl (Rapsöl, Palmfett-ungehärtet), Gewürze, Speisesalz, Geschmacksverstärker: Mononatriumglutamat E 621, Aroma, Gewürzextrakte	http://www.alber-der-metzger.de/convenience-und-grillen/116-grillwammerl-feurig.html	2.29				neu	0.00	http://www.alber-der-metzger.de/94-thickbox_default/grillwammerl-feurig.jpg	:::9.99	auf lager	Convenience und Grillen
117	Albers Lendenspieß	Rinder- und Schweinelende, geräuchertes Wammerl (Schweinefleisch, Pökelsalz (Kochsalz +E250) Gewürze, Saccharose, Diphosphate E 450, Triphosphate E 451 Mononatriumglutamat E621, Natriumascorbat E 301, Rauch), Speisesalz, Gewürze, Geschmacksverstärker: Mononatriumglutamat E 621, pflanzliches Öl Palmöl ganz gehärtet, Dextrose, Gewürzextrakte,	http://www.alber-der-metzger.de/convenience-und-grillen/117-lendenspiess.html	6.89				neu	0.00	http://www.alber-der-metzger.de/95-thickbox_default/lendenspiess.jpg	:::9.99	auf lager	Convenience und Grillen
118	Albers Hirtenspieß	frisches Schweinelendchen, geräuchertes Wammerl (Schweinefleisch, Pökelsalz (Kochsalz +E250) Gewürze, Saccharose, Diphosphate E 450, Triphosphate E 451 Mononatriumglutamat E621, Natriumascorbat E 301, Rauch) Emmentaler 45 % F. i. Tr., Speisesalz, Gewürze, Geschmacksverstärker: Mononatriumglutamat E 621, pflanzliches Öl Palmöl ganz gehärtet; LAKTOSE,	http://www.alber-der-metzger.de/convenience-und-grillen/118-hirtenspiess.html	6.89				neu	0.00	http://www.alber-der-metzger.de/96-thickbox_default/hirtenspiess.jpg	:::9.99	auf lager	Convenience und Grillen
119	Albers Gyrosspieß	Schweinelendchen, Oliven (Säurungsmittel: Milchsäure), Rapsöl (teilweise gehärtet), Meersalz, Gewürze, natürliches Aroma, Dextrose	http://www.alber-der-metzger.de/convenience-und-grillen/119-gyrosspiess.html	6.99				neu	0.00	http://www.alber-der-metzger.de/97-thickbox_default/gyrosspiess.jpg	:::9.99	auf lager	Convenience und Grillen
120	Albers Allgäuerspieß	Schweinelendchen, Emmentaler 45 % F. i. Tr. Paprikastücke, Rapsöl (teilweise gehärtet), Gewürze, Meersalz, Dextrose, Aroma (u.a. Sellerie); SELLERIE; LAKTOSE	http://www.alber-der-metzger.de/convenience-und-grillen/120-allgauerspiess.html	6.69				neu	0.00	http://www.alber-der-metzger.de/98-thickbox_default/allgauerspiess.jpg	:::9.99	auf lager	Convenience und Grillen
124	Albers Pizzatascherl	Schweinelendchen, Kochschinken (Schweinefleisch, Trinkwasser, Pökelsalz (Kochsalz+E250), Saccharose, Diphosphate E 450, Triphosphate E 451, Natriumascorbat E 301, Glucosesirup, Ascorbinsäure E 300, Mononatriumglutamat E 621,Carrageen E 407, Johannisbrotkernmehl E 410,Würze, Aromen, Gewürzextrakt, Rauch), Salami (besteht aus ca. 125 % Schweine-, Rindfleisch, Kochsalz, Gewürze, Geschmacksverstärker E621, Antioxidationsmittel: Natriumascorbat E 316, Farbstoffe E 120, Konservierungsstoffe: E250 Natriumnitrit), Gouda gerieben (pasteurisierte Milch, Speisesalz, Starterkulturen, mikrobielles Lab, Beta-Carotin Trennmittel: Kartoffelstärke) Trinkwasser, Pflanzliches Öl (Rapsöl, Palmfett), Gewürze, Speisesalz, Würze, Dextrose, Gewürzextrakte; SELLERIE; SENF, LAKTOSE	http://www.alber-der-metzger.de/convenience-und-grillen/124-pizzatascherl.html	7.29				neu	0.00	http://www.alber-der-metzger.de/102-thickbox_default/pizzatascherl.jpg	:::9.99	auf lager	Convenience und Grillen
125	Putenspieß Hawaii	Putenbrust, Rapsöl, Ananas, Speisesalz, Gewürze, Mononatriumglutamat E 621, Saccharose, pflanzliches Öl - (Palmöl gehärtet), Würze.	http://www.alber-der-metzger.de/convenience-und-grillen/125-putenspiess-hawaii.html	6.99				neu	0.00	http://www.alber-der-metzger.de/103-thickbox_default/putenspiess-hawaii.jpg	:::9.99	auf lager	Convenience und Grillen
126	Albers Filetspieß	Schweinefilet, geräuchertes Wammerl (Schweinefleisch, Pökelsalz (Kochsalz +E250) Gewürze, Saccharose, Diphosphate E 450, Triphosphate E 451 Mononatriumglutamat E621, Natriumascorbat E 301, Rauch) Speisesalz, Gewürze, Geschmacksverstärker: Mononatriumglutamat E 621, pflanzliches Öl Palmöl ganz gehärtet	http://www.alber-der-metzger.de/convenience-und-grillen/126-filetspiess.html	6.89				neu	0.00	http://www.alber-der-metzger.de/104-thickbox_default/filetspiess.jpg	:::9.99	auf lager	Convenience und Grillen
127	Schaschlik	Schweinefleisch, geräucherter Speck (Schweinefleisch, Pökelsalz (Kochsalz +E250) Gewürze, Saccharose, Diphosphate E 450, Triphosphate E 451 Mononatriumglutamat E621, Natriumascorbat E 301, Rauch), Paprika, Zwiebeln,	http://www.alber-der-metzger.de/convenience-und-grillen/127-schaschlik.html	4.79				neu	0.00	http://www.alber-der-metzger.de/105-thickbox_default/schaschlik.jpg	:::9.99	auf lager	Convenience und Grillen
134	Rinderrouladen gefüllt Hausfrauen Art	Rinderroulade, geräucherter Schweinebauch (Schweinefleisch, Pökelsalz (Kochsalz +E250) Gewürze, Saccharose, Diphosphate E 450, Triphosphate E 451 Mononatriumglutamat E621, Natriumascorbat E 301, Rauch), Essiggurken (Gurken, Essig, Speisesalz, Gewürze, SENF), Senf (Wasser, Senfsaat, Branntweinessig, Salz, Gewürze, Gewürzextrakt), Zwiebeln, Speisesalz, Gewürze und Gewürzextrakte,	http://www.alber-der-metzger.de/convenience-und-grillen/134-rinderrouladen-gefullt-hausfrauen-art.html	10.29				neu	0.00	http://www.alber-der-metzger.de/112-thickbox_default/rinderrouladen-gefullt-hausfrauen-art.jpg	:::9.99	auf lager	Convenience und Grillen
135	Sauerbraten gebeizt		http://www.alber-der-metzger.de/convenience-und-grillen/135-sauerbraten-gebeizt.html	15.99				neu	0.00	http://www.alber-der-metzger.de/113-thickbox_default/sauerbraten-gebeizt.jpg	:::9.99	auf lager	Convenience und Grillen
136	Schnitzel paniert (Schwein)	Schweineschnitzel, Semmelbrösel (Weizenmehl, Speisesalz, Hefe), HÜHNEREI, Weizenmehl, Speisesalz, Gewürze und Gewürzextrakte GLUTEN	http://www.alber-der-metzger.de/convenience-und-grillen/136-schnitzel-paniert.html	3.89				neu	0.00	http://www.alber-der-metzger.de/114-thickbox_default/schnitzel-paniert.jpg	:::9.99	auf lager	Convenience und Grillen
137	Cordon bleu gefüllt paniert (Schwein)	Schweineschnitzel, Kochschinken (Schweinefleisch, Trinkwasser, Pökelsalz (Kochsalz+E250), Saccharose, Diphosphate E 450, Triphosphate E 451, Natriumascorbat E 301, Glucosesirup, scorbinsäure E 300, Mononatriumglutamat E 621,Carrageen E 407, Johannisbrotkernmehl E 410, Würze, Aromen, Gewürzextrakt, Rauch), Emmentaler 40 % F. i. Tr., Semmelbrösel (Weizenmehl, Speisesalz, Hefe), HÜHNEREI, Weizenmehl, Speisesalz, Gewürze und Gewürzextrakte GLUTEN, HÜHNEREI; LAKTOSE	http://www.alber-der-metzger.de/convenience-und-grillen/137-cordon-bleu-gefullt-paniert.html	4.89				neu	0.00	http://www.alber-der-metzger.de/115-thickbox_default/cordon-bleu-gefullt-paniert.jpg	:::9.99	auf lager	Convenience und Grillen
139	Schnitzespieße	Schweineschnitzel, Semmelbrösel (Weizenmehl, Speisesalz, Hefe), HÜHNEREI, Kürbiskerne, Weizenmehl, Speisesalz, Gewürze und Gewürzextrakte, Geschmacksverstärker E621, Xantan E415, GLUTEN	http://www.alber-der-metzger.de/convenience-und-grillen/139-schnitzespiesse.html	5.29				neu	0.00	http://www.alber-der-metzger.de/117-thickbox_default/schnitzespiesse.jpg	:::9.99	auf lager	Convenience und Grillen
143	Haussalami weiß	besteht aus ca. 125 % Schweine-, Rindfleisch, Kochsalz, Gewürze, Säuerungsmittel: Glucon delta lacton E575, Geschmacksverstärker E621, Antioxidationsmittel: Natriumascorbat E 316, Farbstoffe E 120, Konservierungsstoffe: E250 Natriumnitrit	http://www.alber-der-metzger.de/salami/143-salami-weiss.html	1.89				neu	0.11	http://www.alber-der-metzger.de/121-thickbox_default/salami-weiss.jpg	:::9.99	auf lager	Salami
144	Rauchsalami	besteht aus ca. 125 % Schweine-, Rindfleisch, Kochsalz, Gewürze, Geschmacksverstärker E621, Antioxidationsmittel: Natriumascorbat E 316, Farbstoffe E 120, Konservierungsstoffe: E250 Natriumnitrit, SELLERIE; SENF	http://www.alber-der-metzger.de/salami/144-rauchsalami-schwarz.html	1.85				neu	0.11	http://www.alber-der-metzger.de/122-thickbox_default/rauchsalami-schwarz.jpg	:::9.99	auf lager	Salami
145	Kantsalami	besteht aus ca. 125 % Schweine-, Rindfleisch, Kochsalz, Gewürze, Geschmacksverstärker E621, Antioxidationsmittel: Natriumascorbat E 316, Farbstoffe E 120, Konservierungsstoffe: E250 Natriumnitrit; SELLERIE; SENF	http://www.alber-der-metzger.de/salami/145-kantsalami.html	1.95				neu	0.11	http://www.alber-der-metzger.de/123-thickbox_default/kantsalami.jpg	:::9.99	auf lager	Salami
146	Würzige Chorizio		http://www.alber-der-metzger.de/salami/146-chorizio.html	1.95				neu	0.11	http://www.alber-der-metzger.de/124-thickbox_default/chorizio.jpg	:::9.99	auf lager	Salami
147	Haussalami mit Senfkörnern	besteht aus ca. 125 % Schweine-, Rindfleisch, Kochsalz, Gewürze, Geschmacksverstärker E621, Antioxidationsmittel: Natriumascorbat E 316, Farbstoffe E 120, Konservierungsstoffe: E250 Natriumnitrit;Rauch; SELLERIE; SENF	http://www.alber-der-metzger.de/salami/147-haussalami.html	1.89				neu	0.11	http://www.alber-der-metzger.de/125-thickbox_default/haussalami.jpg	:::9.99	auf lager	Salami
148	Salamiaufschnitt	besteht aus ca. 125 % Schweine-, Rindfleisch, Kochsalz, Gewürze, Säuerungsmittel: Glucon delta lacton E575, Geschmacksverstärker E621, Antioxidationsmittel: Natriumascorbat E 316, Farbstoffe E 120, Konservierungsstoffe: E250 Natriumnitrit, Rauch; SELLERIE; SENF	http://www.alber-der-metzger.de/salami/148-salamiaufschnitt.html	1.89				neu	0.11	http://www.alber-der-metzger.de/126-thickbox_default/salamiaufschnitt.jpg	:::9.99	auf lager	Salami
149	Hirtensalami	besteht aus ca. 125 % Schweine-, Rindfleisch, Oliven, Feta,Kochsalz, Gewürze, Geschmacksverstärker E621, Antioxidationsmittel: Natriumascorbat E 316, Farbstoffe E 120, Konservierungsstoffe: E250 Natriumnitrit, Rauch, LAKTOSE; SENF ; SELLERIE	http://www.alber-der-metzger.de/salami/149-hirtensalami.html	1.99				neu	0.11	http://www.alber-der-metzger.de/127-thickbox_default/hirtensalami.jpg	:::9.99	auf lager	Salami
153	Parmesansalami		http://www.alber-der-metzger.de/salami/153-parmesansalami.html	2.05				neu	0.11	http://www.alber-der-metzger.de/374-thickbox_default/parmesansalami.jpg	:::9.99	auf lager	Salami
154	Putensalami		http://www.alber-der-metzger.de/salami/154-putensalami.html	1.98				neu	0.11	http://www.alber-der-metzger.de/373-thickbox_default/putensalami.jpg	:::9.99	auf lager	Salami
155	Sportsalami	besteht aus ca. 125 % Schweine-, Rindfleisch, Kochsalz, Gewürze, Geschmacksverstärker E621, Antioxidationsmittel: Natriumascorbat E 316, Farbstoffe E 120, Konservierungsstoffe: E250 Natriumnitrit, Rauch SELLERIE	http://www.alber-der-metzger.de/salami/155-sportsalami.html	2.19				neu	0.11	http://www.alber-der-metzger.de/133-thickbox_default/sportsalami.jpg	:::9.99	auf lager	Salami
156	ungarische Salami PICK	Schweinefleisch, Schweinespeck, Speisesalz, Gewürze, Zucker, Konservierungsstoff E 250, Rauch, Vor VerzehrWursthülle entfernen. 100 g Salami werden aus 156 g Schweinefleisch hergestellt	http://www.alber-der-metzger.de/salami/156-ungarische-salami-pick.html	2.79				neu	0.11	http://www.alber-der-metzger.de/134-thickbox_default/ungarische-salami-pick.jpg	:::9.99	auf lager	Salami
157	Fenchelsalami		http://www.alber-der-metzger.de/salami/157-fenchelsalami.html	2.69				neu	0.11	http://www.alber-der-metzger.de/135-thickbox_default/fenchelsalami.jpg	:::9.99	auf lager	Salami
158	Italienische Salami hausg.	besteht aus ca. 125 % Schweine-, Rindfleisch, Kochsalz, Gewürze, Geschmacksverstärker E621, Antioxidationsmittel: Natriumascorbat E 316, Farbstoffe E 120, Konservierungsstoffe: E250 Natriumnitrit; SELLERIE	http://www.alber-der-metzger.de/salami/158-italienische-salami-hausg.html	1.89				neu	0.11	http://www.alber-der-metzger.de/136-thickbox_default/italienische-salami-hausg.jpg	:::9.99	auf lager	Salami
159	Edelsalami mit grünem Pfeffer	besteht aus ca. 125 % Schweine-, Rindfleisch, Kochsalz, Gewürze, Geschmacksverstärker E621, Antioxidationsmittel: Natriumascorbat E 316, Farbstoffe E 120, Konservierungsstoffe: E250 Natriumnitrit, Rauch; SELLERIE	http://www.alber-der-metzger.de/salami/159-edelsalami.html	1.99				neu	0.11	http://www.alber-der-metzger.de/137-thickbox_default/edelsalami.jpg	:::9.99	auf lager	Salami
163	Pfefferbogen	besteht aus ca. 125 % Schweine-, Rindfleisch, Kochsalz, Gewürze, Geschmacksverstärker E621, Antioxidationsmittel: Natriumascorbat E 316, Farbstoffe E 120, Konservierungsstoffe: E250 Natriumnitrit, Rauch; SELLERIE	http://www.alber-der-metzger.de/salami/163-pfefferbogen.html	4.49				neu	0.23	http://www.alber-der-metzger.de/141-thickbox_default/pfefferbogen.jpg	:::9.99	auf lager	Salami
169	Apfel-Zwiebel Griebenschmalz	Schweinespeck, Grieben, Olivenöl, Äpfel (geschwefelt) Röstzwiebeln (mit WEIZENMEHL, pflanzliches Öl- Palmfett ungehärtet), Zwiebeln, Speisesalz, Gewürze, Aroma, Saccharose, Mononatriumglutamat E 621 GLUTEN, SCHWEFELDIOXID,	http://www.alber-der-metzger.de/salate-und-feinkost/169-apfel-zwiebel-griebenschmalz.html	2.49				neu	0.00	http://www.alber-der-metzger.de/147-thickbox_default/apfel-zwiebel-griebenschmalz.jpg	:::9.99	auf lager	Salate und Feinkost
170	Renates Schichtsalat	Schinken, Ananas, Sellerie, Mais, Hühnerei, Mayonnaise, Lauch, Kochsalz, Gewürze, SELLERIE; SENF; EI; LAKTOSE; HÜHNEREI	http://www.alber-der-metzger.de/salate-und-feinkost/170-schichtsalat.html	3.29				neu	0.00	http://www.alber-der-metzger.de/148-thickbox_default/schichtsalat.jpg	:::9.99	auf lager	Salate und Feinkost
171	Krautsalat mit Speck	Weißkraut 85 %, Branntweinessig, Pflanzenöl, Räucherspeck 2% (Schweinefleisch, Nitritpökelsalz (Kochsalz, Konservierungsstoffe: Natriumnitrit, Kaliumnitrat), Gewürze, Zucker, Dextrose, Gewürzextrakte, Antioxidationsmittel: Natriumascorbat; Rauch), Trinkwasser, Gewürze, Gemüse, Sellerie, Speisesalz, Kräuter, Säuerungsmittel: Zitronensäure, Apfelsäure, Weinsäure; Antioxidationsmittel: Ascorbinsäure; Säureregulator: Natriumacetat; Aromen, Süßstoff: Saccharin; Geschmacksverstärker: Mononatriumglutamat, Dinatriumguanylat, Dinatriuminosinat.	http://www.alber-der-metzger.de/salate-und-feinkost/171-krautsalat-mit-speck.html	1.75				neu	0.00	http://www.alber-der-metzger.de/149-thickbox_default/krautsalat-mit-speck.jpg	:::9.99	auf lager	Salate und Feinkost
172	Albers Fleischsalat	Mayonnaise (Pflanzenöl, Trinkwasser, Branntweinessig, Eigelb, Senfsaat, modifizierte Stärke, Verdickungsmittel: Xanthan, Guarkernmehl; Zucker, Speisesalz, Gewürzextrakte, natürliches Zitronenaroma, Süßstoff: Saccharin; Dextrose, Laktose, Süßmolkenpulver.), Wurst (Schweinefleisch, Rindfleisch, Trinkwasser, Kochsalz, Gewürze, Konservierungsstoffe: Natriumnitrit E250, Stabilisator: Poly- und Diphosphate E 450 E452, Ascorbinsäure E300, Mononatriumglutamat E624), Zucker, Konservierungsstoff E211 Natriumbenzeat, Süßungsmittel: Saccharin E 954; SENF; SELLERIE; LAKTOSE; EI; SÜßUNGSMITTEL	http://www.alber-der-metzger.de/salate-und-feinkost/172-fleischsalat.html	2.69				neu	0.00	http://www.alber-der-metzger.de/150-thickbox_default/fleischsalat.jpg	:::9.99	auf lager	Salate und Feinkost
174	Bayerischer Wurstsalat	Wurst (Schweinefleisch, Rindfleisch, Trinkwasser, Kochsalz, Gewürze, Konservierungsstoffe: Natriumnitrit E250, Stabilisator: Poly- und Diphosphate E 450 E452, Ascorbinsäure E300, Mononatriumglutamat E621 Farbstoff E120) frischer Zwiebel, Trinkwasser, Rapsöl, Branntweinessig, Speisesalz, Gewürze, SENF; SELLERIE	http://www.alber-der-metzger.de/salate-und-feinkost/174-bayerischer-wurstsalat.html	2.69				neu	0.00	http://www.alber-der-metzger.de/376-thickbox_default/bayerischer-wurstsalat.jpg	:::9.99	auf lager	Salate und Feinkost
175	Schweizer Wurstsalat	Wurst (Schweinefleisch, Rindfleisch, Trinkwasser, Kochsalz, Gewürze, Konservierungsstoffe: Natriumnitrit E250, Stabilisator: Poly- und Diphosphate E 450 E452, Ascorbinsäure E300, Mononatriumglutamat E621 Farbstoff E120), Emmentaler (Kuhmilch (thermisiert), Säuerungskulturen, Mikrobielles Lab, Calziumchlorid, Kochsalz, 45 % F. i. Tr.), Paprika, Trinkwasser, Essiggurken, Rapsöl, Branntweinessig, Speisesalz, Gewürze, SENF; SELLERIE; LAKTOSE;	http://www.alber-der-metzger.de/salate-und-feinkost/175-schweizer-wurstsalat.html	2.69				neu	0.00	http://www.alber-der-metzger.de/377-thickbox_default/schweizer-wurstsalat.jpg	:::9.99	auf lager	Salate und Feinkost
180	Leberknödel groß	Weißbrot (Weizenmehl, Wasser, Hefe, Speisesalz), 34 % Rinder- und Schweineleber, Trinkwasser, VOLLEIPULVER, WEIZENMEHL, MOLKENPULVER, Gewürze, Speisesalz, Dextrose, Gewürzextrakte, SELLERIE; SENF	http://www.alber-der-metzger.de/salate-und-feinkost/180-leberknodel-gross.html	0.95				neu	0.00	http://www.alber-der-metzger.de/158-thickbox_default/leberknodel-gross.jpg	:::9.99	auf lager	Salate und Feinkost
181	Serviettenknödel Stange	Zutaten: Wasser, Knödelbrot ( Weizenmehl, Wasser, Hefe, Speisesalz), Rapsöl, VOLLEIPULVER, WEIZENMEHL, MOLKENPULVER, Gewürze, Speisesalz, Dextrose, Gewürzextrakte	http://www.alber-der-metzger.de/salate-und-feinkost/181-serviettenknodel-stange.html	6.39				neu	0.00	http://www.alber-der-metzger.de/159-thickbox_default/serviettenknodel-stange.jpg	:::9.99	auf lager	Salate und Feinkost
182	Suppenviererleih (Hochzeitssuppe)	mini Wollwurst: Schweinefleisch, Kalb- oder Jungrindfleisch, Trinkwasser, Kochsalz, Gewürze, Stabilisatoren: Poly- und Diphosphate E450 E452, Mononatriumglutamat E625, mini Leberknödel: Weißbrot (Weizenmehl, Wasser, Hefe, Speisesalz), 34 % Rinder- und Schweineleber, Trinkwasser, VOLLEIPULVER, WEIZENMEHL, MOLKENPULVER, Gewürze, Speisesalz, Dextrose, Gewürzextrakte, SELLERIE; SENF, mini Kaspressknödel: Zutaten: Wasser, Knödelbrot ( Weizenmehl, Wasser, Hefe, Speisesalz), Emmentaler 40 % F. i. Tr., Zwiebeln, Rapsöl, VOLLEIPULVER, WEIZENMEHL, MOLKENPULVER, Gewürze, Speisesalz, Dextrose, Gewürzextrakte; Brätstrudel:Schweinefleisch, Rindfleisch, Trinkwasser, Kochsalz, Gewürze, Konservierungsstoffe: Natriumnitrit E250, Stabilisator: Poly- und Diphosphate E 450 E452, Ascorbinsäure E300, Mononatriumglutamat E624, SELLERIE, SENF Teig: Mehl, Milch, Eier, Speisesalz,	http://www.alber-der-metzger.de/salate-und-feinkost/182-suppenviererleih.html	0.00				neu	0.00	http://www.alber-der-metzger.de/160-thickbox_default/suppenviererleih.jpg	:::9.99	auf lager	Salate und Feinkost
183	Kaspressknödel	Zutaten: Wasser, Knödelbrot ( Weizenmehl, Wasser, Hefe, Speisesalz), Emmentaler 40 % F. i. Tr., Zwiebeln, Rapsöl, VOLLEIPULVER, WEIZENMEHL, MOLKENPULVER, Gewürze, Speisesalz, Dextrose, Gewürzextrakte	http://www.alber-der-metzger.de/salate-und-feinkost/183-kaspressknodel.html	1.38				neu	0.00	http://www.alber-der-metzger.de/161-thickbox_default/kaspressknodel.jpg	:::9.99	auf lager	Salate und Feinkost
184	Käsefleischsalat	Mayonnaise (Pflanzenöl, Trinkwasser, Branntweinessig, Eigelb, Senfsaat, modifizierte Stärke, Verdickungsmittel: Xanthan, Guarkernmehl; Zucker, Speisesalz, Gewürzextrakte, natürliches Zitronenaroma, Süßstoff: Saccharin; Dextrose, Laktose, Süßmolkenpulver.), Wurst (Schweinefleisch, Rindfleisch, Trinkwasser, Kochsalz, Gewürze, Konservierungsstoffe: Natriumnitrit E250, Stabilisator: Poly- und Diphosphate E 450 E452, Ascorbinsäure E300, Mononatriumglutamat E624), Emmentaler 40 % F. i. Tr., Speisesalz, Zucker, Konservierungsstoff E211 Natriumbenzeat, Süßungsmittel: Saccharin E 954; SENF; SELLERIE; LAKTOSE; EI; SÜßUNGSMITTEL	http://www.alber-der-metzger.de/salate-und-feinkost/184-kasefleischsalat.html	2.79				neu	0.00	http://www.alber-der-metzger.de/378-thickbox_default/kasefleischsalat.jpg	:::9.99	auf lager	Salate und Feinkost
187	Mettwurst fein	Schwein-, Rindfleisch, Kochsalz, Gewürze, Rumaroma, Dextrose, Farbstoff E120, Stabilisatoren: Natriumascorbat E 301, Rauch	http://www.alber-der-metzger.de/streichwurst/187-mettwurst-fein.html	2.49				neu	0.20	http://www.alber-der-metzger.de/165-thickbox_default/mettwurst-fein.jpg	:::9.99	auf lager	Streichwurst
188	Pfeffermetthörnchen	Schwein-, Rindfleisch, Kochsalz, Gewürze, Rumaroma, Dextrose, Farbstoff E120, Stabilisatoren: Natriumascorbat E 301, Rauch	http://www.alber-der-metzger.de/streichwurst/188-pfeffermetthornchen.html	3.19				neu	0.26	http://www.alber-der-metzger.de/166-thickbox_default/pfeffermetthornchen.jpg	:::9.99	auf lager	Streichwurst
189	Zwiebelmettwurst	Schweinfleisch, Kochsalz, Gewürze, Rumaroma, Dextrose, Farbstoff E120, Stabilisatoren: Natriumascorbat E 301 SELLERIE	http://www.alber-der-metzger.de/streichwurst/189-zwiebelmettwurst.html	1.99				neu	0.18	http://www.alber-der-metzger.de/167-thickbox_default/zwiebelmettwurst.jpg	:::9.99	auf lager	Streichwurst
190	Delikatessleberwurst im Golddarm	Schweinefleisch und Speck, Schweineleber, Trinkwasser, Sahne, Kochsalz(plus E250 Natriumnitrit), Stabilisator: Ascorbinsäure E300, Geschmacksverstärker E621, Farbstorr E 120, Emulgatoren: Mono- und Diglyceride E471, Glucosesirup SELERIE, SENF; LAKTOSE	http://www.alber-der-metzger.de/streichwurst/190-delikatessleberwurst-gold.html	2.29				neu	0.00	http://www.alber-der-metzger.de/168-thickbox_default/delikatessleberwurst-gold.jpg	:::9.99	auf lager	Streichwurst
191	Kalbfleischleberwurst im  Naturdarm	Schweine-, Kalbfleisch und Speck, Schweineleber, Trinkwasser, Sahne, Kochsalz(plus E250 Natriumnitrit), Stabilisator: Ascorbinsäure E300, Geschmacksverstärker E621, Farbstorr E 120, Emulgatoren: Mono- und Diglyceride E471, Glucosesirup SELERIE, SENF; LAKTOSE	http://www.alber-der-metzger.de/streichwurst/191-kalbfleischleberwurst-natur.html	2.59				neu	0.00	http://www.alber-der-metzger.de/398-thickbox_default/kalbfleischleberwurst-natur.jpg	:::9.99	auf lager	Streichwurst
192	Zwiebelleberwurst grob	Schweinefleisch und Speck, Schweineleber, frischer Zwiebel und Röstzwiebel, Trinkwasser, Sahne, Kochsalz(plus E250 Natriumnitrit), Stabilisator: Ascorbinsäure E300, Geschmacksverstärker E621, Farbstorr E 120, Emulgatoren: Mono- und Diglyceride E471, Glucosesirup SELLERIE; SENF; GLUTEN; LAKTOSE	http://www.alber-der-metzger.de/streichwurst/192-leberwurst-grob.html	2.59				neu	0.20	http://www.alber-der-metzger.de/399-thickbox_default/leberwurst-grob.jpg	:::9.99	auf lager	Streichwurst
193	Preiselbeerleberwurst	Schweine-, Kalbfleisch und Speck, Schweineleber, Trinkwasser, Sahne, Preiselbeeren getrocknet, Kochsalz(plus E250 Natriumnitrit), Stabilisator: Ascorbinsäure E300, Geschmacksverstärker E621, Farbstorr E 120, Emulgatoren: Mono- und Diglyceride E471, Glucosesirup SELERIE, SENF; LAKTOSE	http://www.alber-der-metzger.de/streichwurst/193-preiselbeerleberwurst.html	2.69				neu	0.00	http://www.alber-der-metzger.de/171-thickbox_default/preiselbeerleberwurst.jpg	:::9.99	auf lager	Streichwurst
197	Putenbauernleberwurst	Truthanfleisch 45 %, Speck, Schweineleber 14 %, Zwiebeln, SAHNE, Gewürze (SENF), Kochsalz, Emulgatro E 471, Würze, Schnittlauch, Glukosesirup, Dextrose, Zucker, Honig, Aroma SELLERIE, VOLLEI, Konservierungsstoff E 250, Antioxidationsmittel E 301, Geschmacksverstärker E 621, Verdickungsmittel E412, Rauch, Schweinedarm	http://www.alber-der-metzger.de/streichwurst/197-putenbauernleberwurst.html	1.69				neu	0.11	http://www.alber-der-metzger.de/175-thickbox_default/putenbauernleberwurst.jpg	:::9.99	auf lager	Streichwurst
198	Schnittlauchkugel		http://www.alber-der-metzger.de/streichwurst/198-schnittlauchkugel.html	0.89				neu	0.00	http://www.alber-der-metzger.de/176-thickbox_default/schnittlauchkugel.jpg	:::9.99	auf lager	Streichwurst
202	Wiener Würstl	Schweinefleisch, Rindfleisch, Trinkwasser, Kochsalz, Gewürze, Konservierungsstoffe: Natriumnitrit E250, Stabilisator: Poly- und Diphosphate E 450 E452, Ascorbinsäure E300, Mononatriumglutamat E621 Farbstoff E120, Rauch, Für Allergiker; enthält: Sellerie	http://www.alber-der-metzger.de/wuerstl/202-wiener-wurstl.html	2.49				neu	0.21	http://www.alber-der-metzger.de/180-thickbox_default/wiener-wurstl.jpg	:::9.99	auf lager	Würstl
203	Albers Debrecziner	Schweinefleisch, Rindfleisch, Trinkwasser, Kochsalz, Gewürze, Konservierungsstoffe: Natriumnitrit E250, Stabilisator: Poly- und Diphosphate E 450 E452, Ascorbinsäure E300, Mononatriumglutamat E621 Farbstoff E160c, Rauch	http://www.alber-der-metzger.de/wuerstl/203-debrecziner.html	2.69				neu	0.21	http://www.alber-der-metzger.de/181-thickbox_default/debrecziner.jpg	:::9.99	auf lager	Würstl
204	Käsekrainer	Schweinefleisch, Rindfleisch, Trinkwasser, Emmentaler, Kochsalz, Gewürze, Konservierungsstoffe: Natriumnitrit E250, Stabilisator: Poly- und Diphosphate E 450 E452, Ascorbinsäure E300, Mononatriumglutamat E621 Farbstoff E120, Rauch	http://www.alber-der-metzger.de/wuerstl/204-kasekrainer.html	4.89				neu	0.37	http://www.alber-der-metzger.de/182-thickbox_default/kasekrainer.jpg	:::9.99	auf lager	Würstl
205	Paprikapolnische gebrüht	Schweinefleisch, Rindfleisch, Trinkwasser, Kochsalz, Gewürze, Konservierungsstoffe: Natriumnitrit E250, Stabilisator: Poly- und Diphosphate E 450 E452, Ascorbinsäure E300, Mononatriumglutamat E621 Farbstoff E160c, Rauch	http://www.alber-der-metzger.de/wuerstl/205-paprikapolnische-gebruht.html	4.99				neu	0.00	http://www.alber-der-metzger.de/183-thickbox_default/paprikapolnische-gebruht.jpg	:::9.99	auf lager	Würstl
206	Weißwurst Münchner Art	Schweinefleisch, Kalb- oder Jungrindfleisch, Trinkwasser, Kochsalz, Gewürze, Stabilisatoren: Poly- und Diphosphate E450 E452, Mononatriumglutamat E621	http://www.alber-der-metzger.de/wuerstl/206-weisswurst-munchner-art.html	2.79				neu	0.00	http://www.alber-der-metzger.de/184-thickbox_default/weisswurst-munchner-art.jpg	:::9.99	auf lager	Würstl
207	Schweinswürstl	Schweinefleisch, Kalb- oder Jungrindfleisch, Trinkwasser, Kochsalz, Gewürze, Stabilisatoren: Poly- und Diphosphate E450 E452, Mononatriumglutamat E622	http://www.alber-der-metzger.de/wuerstl/207-schweinswurstl.html	2.39				neu	0.00	http://www.alber-der-metzger.de/185-thickbox_default/schweinswurstl.jpg	:::9.99	auf lager	Würstl
208	Kalbsbratwürstl	Schweinefleisch, Kalb- oder Jungrindfleisch, Trinkwasser, Kochsalz, Gewürze, Stabilisatoren: Poly- und Diphosphate E450 E452, Mononatriumglutamat E623	http://www.alber-der-metzger.de/wuerstl/208-kalbsbratwurstl.html	2.39				neu	0.00	http://www.alber-der-metzger.de/379-thickbox_default/kalbsbratwurstl.jpg	:::9.99	auf lager	Würstl
209	Wollwurst	Schweinefleisch, Kalb- oder Jungrindfleisch, Trinkwasser, Kochsalz, Gewürze, Stabilisatoren: Poly- und Diphosphate E450 E452, Mononatriumglutamat E624	http://www.alber-der-metzger.de/wuerstl/209-wollwurst.html	2.99				neu	0.00	http://www.alber-der-metzger.de/187-thickbox_default/wollwurst.jpg	:::9.99	auf lager	Würstl
215	Dicke	Schweinefleisch, Rindfleisch, Trinkwasser, Kochsalz, Gewürze, Konservierungsstoffe: Natriumnitrit E250, Stabilisator: Poly- und Diphosphate E 450 E452, Ascorbinsäure E300, Mononatriumglutamat E621 Farbstoff E120, Rauch	http://www.alber-der-metzger.de/wuerstl/215-dicke.html	1.98				neu	0.00	http://www.alber-der-metzger.de/193-thickbox_default/dicke.jpg	:::9.99	auf lager	Würstl
216	Lyoner im Ring	Schweinefleisch, Rindfleisch, Trinkwasser, Kochsalz, Gewürze, Konservierungsstoffe: Natriumnitrit E250, Stabilisator: Poly- und Diphosphate E 450 E452, Ascorbinsäure E300, Mononatriumglutamat E621 Farbstoff E120, Rauch	http://www.alber-der-metzger.de/wuerstl/216-lyoner-im-ring.html	3.79				neu	0.00	http://www.alber-der-metzger.de/194-thickbox_default/lyoner-im-ring.jpg	:::9.99	auf lager	Würstl
217	Regensburger	Schweinefleisch, Rindfleisch, Trinkwasser, Kochsalz, Gewürze, Konservierungsstoffe: Natriumnitrit E250, Stabilisator: Poly- und Diphosphate E 450 E452, Ascorbinsäure E300, Mononatriumglutamat E621 Farbstoff E120, Rauch	http://www.alber-der-metzger.de/wuerstl/217-regensburger.html	2.09				neu	0.00	http://www.alber-der-metzger.de/195-thickbox_default/regensburger.jpg	:::9.99	auf lager	Würstl
218	Currywurst	Schweinefleisch, Rindfleisch, Trinkwasser, Kochsalz, Gewürze, Konservierungsstoffe: Natriumnitrit E250, Stabilisator: Poly- und Diphosphate E 450 E452, Ascorbinsäure E300, Mononatriumglutamat E621 Farbstoff E120, Rauch	http://www.alber-der-metzger.de/wuerstl/218-currywurst.html	2.59				neu	0.00	http://www.alber-der-metzger.de/196-thickbox_default/currywurst.jpg	:::9.99	auf lager	Würstl
221	Pfefferbeißer	Schweinefleisch, Kochsalz, Gewürze, Konservierungsstoffe: Natriumnitrit E 250, Antioxidationsmittel: Natriumascorbat E 316, Geschmacksverstärker E 621, Farbstoff E 120, Rauch	http://www.alber-der-metzger.de/wuerstl/221-pfefferbeisser.html	1.79				neu	0.00	http://www.alber-der-metzger.de/199-thickbox_default/pfefferbeisser.jpg	:::9.99	auf lager	Würstl
222	Paprikapolnische roh	Schweinefleisch, Kochsalz, Gewürze, Konservierungsstoffe: Natriumnitrit E 250, Säuerungsmittel: Glucon delta lacton E 575, Antioxidationsmittel: Natriumascorbat E 316, Geschmacksverstärker E 621, Farbstoff E 160c, Rauch	http://www.alber-der-metzger.de/wuerstl/222-paprikapolnische-roh.html	1.99				neu	0.00	http://www.alber-der-metzger.de/200-thickbox_default/paprikapolnische-roh.jpg	:::9.99	auf lager	Würstl
224	Cabanossi hausgemacht	Rindfleisch, Schweinefleisch, Kochsalz, Gewürze, Konservierungsstoffe: Natriumnitrit E250, Stabilisator: Poly- und Diphosphate E 450 E452, Ascorbinsäure E300, Mononatriumglutamat E621 Farbstoff E120, Rauch Mit SELLERIE	http://www.alber-der-metzger.de/wuerstl/224-cabanossi-hausgemacht.html	2.59				neu	0.00	http://www.alber-der-metzger.de/202-thickbox_default/cabanossi-hausgemacht.jpg	:::9.99	auf lager	Würstl
225	mini Käsekabanossi	Rindfleisch, Schweinefleisch, Emmentaler, Kochsalz, Gewürze, Konservierungsstoffe: Natriumnitrit E250, Stabilisator: Poly- und Diphosphate E 450 E452, Ascorbinsäure E300, Mononatriumglutamat E621 Farbstoff E120, Rauch, Allergene Zutaten: SELLERIE, MILCH incl. LACTOSE	http://www.alber-der-metzger.de/wuerstl/225-mini-kasekabanossi.html	2.89				neu	0.00	http://www.alber-der-metzger.de/203-thickbox_default/mini-kasekabanossi.jpg	:::9.99	auf lager	Würstl
228	Landjäger Stk.	100g Landjäger hergestellt aus 70g Schweine- und 50g Rindfleisch. Zutaten: Schweinefleisch, Rindfleisch, jodiertes Speisesalz (Speisesalz, Kaliumjodat), Gewürze, Dextrose, Hefeextrakt, Würze, Gewürzextrakte, Antioxidationsmittel: E300 E301, Aroma, Säuerungsmittel: E575, Konservierungsstoff: E250, essbare Hülle aus Rinderkollagen, Rauch.	http://www.alber-der-metzger.de/wuerstl/228-landjager-stk.html	2.98				neu	0.00	http://www.alber-der-metzger.de/206-thickbox_default/landjager-stk.jpg	:::9.99	auf lager	Würstl
229	Pikanten Stk.	Zutaten: Rindfleisch, Schweinefleisch, Speck, Salz, Dextrose, Stabilisator Natriumphosphat, Würze, Pflanzliches Fet, Gewürzextrakte, Gewürze, Aromen, Konservierungsstoff Natriumnitrit, Rauch; Hergetellt aus 180 % frischem Fleisch	http://www.alber-der-metzger.de/wuerstl/229-pikanten-stk.html	0.75				neu	0.00	http://www.alber-der-metzger.de/430-thickbox_default/pikanten-stk.jpg	:::9.99	auf lager	Würstl
230	Blut- u. Leberwürste	Schweinefleisch, Schweineleber bzw. Schweineblut, Trinkwasser, Kochsalz, Gewürze, Geschmacksverstärker E621	http://www.alber-der-metzger.de/wuerstl/230-blut-u-leberwurste.html	1.59				neu	0.00	http://www.alber-der-metzger.de/380-thickbox_default/blut-u-leberwurste.jpg	:::9.99	auf lager	Würstl
236	Berner Würstl		http://www.alber-der-metzger.de/wuerstl/236-berner-wurstl.html	3.69				neu	0.00	http://www.alber-der-metzger.de/381-thickbox_default/berner-wurstl.jpg	:::9.99	auf lager	Würstl
240	Baconwammerl	Schweinefleisch, Trinkwasser, Pökelsalz (Kochsalz+E250), Saccharose, Diphosphate E 450,Triphosphate E 451, Natriumascorbat E 301,Ascorbinsäure E 300, Mononatriumglutamat E 621,Würze, Aromen, Gewürzextrakt Gewürze; Dextrose, Speisesalz, Rum, natürliches Aroma, Rauch	http://www.alber-der-metzger.de/schinken-und-braten/240-baconwammerl.html	3.49				neu	0.26	http://www.alber-der-metzger.de/410-thickbox_default/baconwammerl.jpg	:::9.99	auf lager	Schinken und Braten
241	Albers Netzhinterschinken geräuchert	Schweinefleisch, Trinkwasser, Pökelsalz (Kochsalz+E250), Saccharose, Diphosphate E 450, Triphosphate E 451, Natriumascorbat E 301, Glucosesirup, scorbinsäure E 300, Mononatriumglutamat E 621,Carrageen E 407, Johannisbrotkernmehl E 410, Würze, Aromen, Gewürzextrakt, Rauch Für Allergiker enthält: nichts	http://www.alber-der-metzger.de/schinken-und-braten/241-hinterschinken-netz.html	1.69				neu	0.11	http://www.alber-der-metzger.de/219-thickbox_default/hinterschinken-netz.jpg	:::9.99	auf lager	Schinken und Braten
242	Wacholdernusschinken	Schweinefleisch, Trinkwasser, Pökelsalz (Kochsalz+E250), Saccharose, Diphosphate E 450, Triphosphate E 451, Natriumascorbat E 301, Glucosesirup, scorbinsäure E 300, Mononatriumglutamat E 621,Carrageen E 407, Johannisbrotkernmehl E 410, Würze, Aromen, Gewürzextrakt, Rauch Für Allergiker enthält: nichts	http://www.alber-der-metzger.de/schinken-und-braten/242-wacholdernusschinken.html	1.68				neu	0.11	http://www.alber-der-metzger.de/382-thickbox_default/wacholdernusschinken.jpg	:::9.99	auf lager	Schinken und Braten
243	Kräuternussschinken	Schweinefleisch, Trinkwasser, Pökelsalz (Kochsalz+E250), Saccharose, Diphosphate E 450, Triphosphate E 451, Natriumascorbat E 301, Glucosesirup, scorbinsäure E 300, Mononatriumglutamat E 621,Carrageen E 407, Johannisbrotkernmehl E 410, Würze, Aromen, Gewürzextrakt, Rauch Für Allergiker enthält: nichts	http://www.alber-der-metzger.de/schinken-und-braten/243-krauternussschinken.html	1.68				neu	0.00	http://www.alber-der-metzger.de/221-thickbox_default/krauternussschinken.jpg	:::9.99	auf lager	Schinken und Braten
244	Burgunderschinken	Schweinefleisch, Trinkwasser, Pökelsalz (Kochsalz+E250), Rotwein, Saccharose, Diphosphate E 450, Triphosphate E 451, Natriumascorbat E 301, Glucosesirup, Ascorbinsäure E 300, Mononatriumglutamat E 621,Carrageen E 407, Johannisbrotkernmehl E 410, Würze, Aromen, Gewürzextrakt, Rauch Für Allergiker enthält: nichts	http://www.alber-der-metzger.de/schinken-und-braten/244-burgunderschinken.html	1.69				neu	0.11	http://www.alber-der-metzger.de/222-thickbox_default/burgunderschinken.jpg	:::9.99	auf lager	Schinken und Braten
245	Honigkrustenschinken	Schweinefleisch, Trinkwasser, Pökelsalz (Kochsalz+E250), Honig, Saccharose, Diphosphate E 450, Triphosphate E 451, Natriumascorbat E 301, Glucosesirup, Ascorbinsäure E 300, Mononatriumglutamat E 621,Carrageen E 407, Johannisbrotkernmehl E 410, Würze, Aromen, Gewürzextrakt, Rauch Für Allergiker enthält: nichts	http://www.alber-der-metzger.de/schinken-und-braten/245-honigkrustenschinken.html	1.75				neu	0.11	http://www.alber-der-metzger.de/223-thickbox_default/honigkrustenschinken.jpg	:::9.99	auf lager	Schinken und Braten
246	Kaiserfleisch	Schweinefleisch, Trinkwasser, Pökelsalz (Kochsalz+E250), Saccharose, Diphosphate E 450, Triphosphate E 451, Natriumascorbat E 301, Glucosesirup, Ascorbinsäure E 300, Mononatriumglutamat E 621,Carrageen E 407, Johannisbrotkernmehl E 410, Würze, Aromen, Gewürzextrakt, Rauch Für Allergiker enthält: nichts	http://www.alber-der-metzger.de/schinken-und-braten/246-kaiserfleisch.html	1.69				neu	0.11	http://www.alber-der-metzger.de/224-thickbox_default/kaiserfleisch.jpg	:::9.99	auf lager	Schinken und Braten
251	Bauerngeräuchertes Schlegl geschnitten	Schweinefleisch, Pökelsalz (Kochsalz +E250) Gewürze, Rauch	http://www.alber-der-metzger.de/schinken-und-braten/251-bauerngerauchertes-schlegl-geschnitten.html	1.95				neu	0.00	http://www.alber-der-metzger.de/384-thickbox_default/bauerngerauchertes-schlegl-geschnitten.jpg	:::9.99	auf lager	Schinken und Braten
252	Baunergeräuchertes Hals oder Karre geschnitten	Schweinefleisch, Pökelsalz (Kochsalz +E250) Gewürze, Rauch	http://www.alber-der-metzger.de/schinken-und-braten/252-baunergerauchertes-hals-oder-karre-geschnitten.html	1.99				neu	0.00	http://www.alber-der-metzger.de/230-thickbox_default/baunergerauchertes-hals-oder-karre-geschnitten.jpg	:::9.99	auf lager	Schinken und Braten
253	Bauerngeräuchertes vom Bauch	Schweinefleisch, Pökelsalz (Kochsalz +E250) Gewürze, Rauch	http://www.alber-der-metzger.de/schinken-und-braten/253-wammerl-schwarz-geschnitten.html	1.89				neu	0.00	http://www.alber-der-metzger.de/400-thickbox_default/wammerl-schwarz-geschnitten.jpg	:::9.99	auf lager	Schinken und Braten
254	geräucherter Schweinebauch	Schweinefleisch, Pökelsalz (Kochsalz +E250) Gewürze, Saccharose, Diphosphate E 450, Triphosphate E 451 Mononatriumglutamat E621, Natriumascorbat E 301, Rauch	http://www.alber-der-metzger.de/schinken-und-braten/254-wammerl-hell-geschnitten.html	1.29				neu	0.11	http://www.alber-der-metzger.de/385-thickbox_default/wammerl-hell-geschnitten.jpg	:::9.99	auf lager	Schinken und Braten
255	Frühstücksschinken	Schweinefleisch, Pökelsalz (Kochsalz +E250) Gewürze, Rauch	http://www.alber-der-metzger.de/schinken-und-braten/255-schinkenspeck.html	1.79				neu	0.11	http://www.alber-der-metzger.de/436-thickbox_default/schinkenspeck.jpg	:::9.99	auf lager	Schinken und Braten
256	Lachsschinken hausgemacht	Schweinefleisch, Pökelsalz (Kochsalz +E250) Gewürze, Rauch	http://www.alber-der-metzger.de/schinken-und-braten/256-lachsschinken-hausgemacht.html	1.89				neu	0.11	http://www.alber-der-metzger.de/234-thickbox_default/lachsschinken-hausgemacht.jpg	:::9.99	auf lager	Schinken und Braten
257	Coppa Italia hausgemacht luftgetrocknet	Schweinefleisch, Pökelsalz (Kochsalz +E250) Gewürze, Geschmacksverstärker: Mononatriumglutamtat E 621 SENF	http://www.alber-der-metzger.de/schinken-und-braten/257-coppa-italia-hausgemacht.html	2.09				neu	0.11	http://www.alber-der-metzger.de/235-thickbox_default/coppa-italia-hausgemacht.jpg	:::9.99	auf lager	Schinken und Braten
258	4 Jahreszeitenschinken hausgemacht	Schweinefleisch, Pökelsalz (Kochsalz +E250, E252) Gewürze, Geschmacksverstärker E621 Mononatriumglutamat, SENF	http://www.alber-der-metzger.de/schinken-und-braten/258-4-jahreszeitenschinken-hausgemacht.html	2.28				neu	0.11	http://www.alber-der-metzger.de/236-thickbox_default/4-jahreszeitenschinken-hausgemacht.jpg	:::9.99	auf lager	Schinken und Braten
259	Putenschinken	Zutaten: 90% Putenfleisch, Trinkwasser, Nitritpökelsalz (Salz, Konservierungsstoff: Natriumnitrit), Glukosesirup, Dextrose, Palmöl, Rapsöl, Verdickungsmittel: Carrageen; Antioxidationsmittel: Natriumascorbat; Stabilisatoren: Natriumcitrate, Triphosphate; Gewürzextrakte.	http://www.alber-der-metzger.de/schinken-und-braten/259-putenschinken.html	2.29				neu	0.11	http://www.alber-der-metzger.de/433-thickbox_default/putenschinken.jpg	:::9.99	auf lager	Schinken und Braten
260	Schwarzwälder	Schweinehinterschinken, Speisesalz, Gewürze, Dextrose, Konservierungsstoffe: Natriumnitrit und Kaliumnitrat, Tannenholzrauch	http://www.alber-der-metzger.de/schinken-und-braten/260-schwarzwalder.html	2.49				neu	0.11	http://www.alber-der-metzger.de/435-thickbox_default/schwarzwalder.jpg	:::9.99	auf lager	Schinken und Braten
261	Südtiroler	Schweinehinterschinken, Speisesalz, Gewürze, Dextrose, Konservierungsstoffe: Natriumnitrit und Kaliumnitrat, Tannenholzrauch	http://www.alber-der-metzger.de/schinken-und-braten/261-sudtiroler.html	2.59				neu	0.00	http://www.alber-der-metzger.de/431-thickbox_default/sudtiroler.jpg	:::9.99	auf lager	Schinken und Braten
262	Parmaschinken		http://www.alber-der-metzger.de/schinken-und-braten/262-parmaschinken.html	2.78				neu	0.11	http://www.alber-der-metzger.de/240-thickbox_default/parmaschinken.jpg	:::9.99	auf lager	Schinken und Braten
265	bayerischer Krustenbraten aus der Schulter	Schweinefleisch, Kochsalz, Gewürze, Geschmacksverstärker E621	http://www.alber-der-metzger.de/schinken-und-braten/265-braten-mager-geschnitten.html	1.89				neu	0.11	http://www.alber-der-metzger.de/401-thickbox_default/braten-mager-geschnitten.jpg	:::9.99	auf lager	Schinken und Braten
266	bayerischer Schweinebraten vom Bauch	Schweinefleisch, Kochsalz, Gewürze, Geschmacksverstärker E621	http://www.alber-der-metzger.de/schinken-und-braten/266-wammerlbraten-geschnitten.html	1.75				neu	0.11	http://www.alber-der-metzger.de/402-thickbox_default/wammerlbraten-geschnitten.jpg	:::9.99	auf lager	Schinken und Braten
267	altbayerischer Kümmel-Knoblauchbraten	Schweinefleisch, Kochsalz, Gewürze, Geschmacksverstärker E623	http://www.alber-der-metzger.de/schinken-und-braten/267-kummel-knoblauchbraten.html	1.89				neu	0.11	http://www.alber-der-metzger.de/245-thickbox_default/kummel-knoblauchbraten.jpg	:::9.99	auf lager	Schinken und Braten
268	Wacholderschinken dunkel geräuchert	Schweineschinkenfleisch, Kochsalz, Gewürze, Würze, LAKTOSE, Glukosesirup, Dextrose, Aroma, Konservierungsstoff: E250, Antioxidationsmittel: E301, Säuerungsmittel: E331, Stabilisatoren: E451, E450, E339, Rauch.; LAKTOSE	http://www.alber-der-metzger.de/schinken-und-braten/268-bdf-wacholderschinken.html	2.29				neu	0.00	http://www.alber-der-metzger.de/434-thickbox_default/bdf-wacholderschinken.jpg	:::9.99	auf lager	Schinken und Braten
273	Kassler Ripperl	Schweinefleisch, Trinkwasser, Pökelsalz (Kochsalz+E250), Saccharose, Diphosphate E 450, Triphosphate E 451, Natriumascorbat E 301, Glucosesirup, Ascorbinsäure E 300, Mononatriumglutamat E 621,Carrageen E 407, Johannisbrotkernmehl E 410, Würze, Aromen, Gewürzextrakt, Rauch Für Allergiker enthält: nichts	http://www.alber-der-metzger.de/schinken-und-braten/273-kassler-ripperl.html	4.29				neu	0.37	http://www.alber-der-metzger.de/406-thickbox_default/kassler-ripperl.jpg	:::9.99	auf lager	Schinken und Braten
276	Bauerngeräuchertes Schlegl im Stück	Schweinefleisch, Pökelsalz (Kochsalz +E250) Gewürze, Rauch	http://www.alber-der-metzger.de/schinken-und-braten/276-bauerngerauchertes-schlegl-im-stuck.html	8.75				neu	0.05	http://www.alber-der-metzger.de/386-thickbox_default/bauerngerauchertes-schlegl-im-stuck.jpg	:::9.99	auf lager	Schinken und Braten
277	Bauerngeräuchertes Hals oder Karre im Stück	Schweinefleisch, Pökelsalz (Kochsalz +E250) Gewürze, Rauch	http://www.alber-der-metzger.de/schinken-und-braten/277-bauerngerauchertes-hals-oder-karre-im-stuck.html	8.49				neu	0.51	http://www.alber-der-metzger.de/255-thickbox_default/bauerngerauchertes-hals-oder-karre-im-stuck.jpg	:::9.99	auf lager	Schinken und Braten
278	Bauerngeräuchertes vom Bauch im Stück	Schweinebauch, Pökelsalz (Kochsalz+Natriumnitrit E 250), Gewürze, Gewürzextrakte, Rauch	http://www.alber-der-metzger.de/schinken-und-braten/278-wammerl-schwarz-im-stuck.html	7.95				neu	0.51	http://www.alber-der-metzger.de/403-thickbox_default/wammerl-schwarz-im-stuck.jpg	:::9.99	auf lager	Schinken und Braten
281	Marktler Speck	Hergestellt aus ca. 142% Schweinefleisch, Kochsalz,Gewürze, Saccharose, Destrose, Würze, Gewürzextrakte, Konservierungsstoff E 250, E252, Rauch	http://www.alber-der-metzger.de/schinken-und-braten/281-marktler-speck.html	2.19				neu	0.00	http://www.alber-der-metzger.de/259-thickbox_default/marktler-speck.jpg	:::9.99	auf lager	Schinken und Braten
282	Roulade geschnitten		http://www.alber-der-metzger.de/fleisch/282-roulade-geschnitten.html	7.99				neu	0.37	http://www.alber-der-metzger.de/260-thickbox_default/roulade-geschnitten.jpg	:::9.99	auf lager	Fleisch
283	Rinderroulade geschnitten		http://www.alber-der-metzger.de/fleisch/283-rinderroulade-geschnitten.html	5.19				neu	0.29	http://www.alber-der-metzger.de/261-thickbox_default/rinderroulade-geschnitten.jpg	:::9.99	auf lager	Fleisch
284	Rinderschulter dick		http://www.alber-der-metzger.de/fleisch/284-rinderschulter-dick.html	7.99				neu	0.51	http://www.alber-der-metzger.de/357-thickbox_default/rinderschulter-dick.jpg	:::9.99	auf lager	Fleisch
285	Rinderschulter flach		http://www.alber-der-metzger.de/fleisch/285-rinderschulter-flach.html	7.99				neu	0.51	http://www.alber-der-metzger.de/356-thickbox_default/rinderschulter-flach.jpg	:::9.99	auf lager	Fleisch
286	Rinderschulter rund		http://www.alber-der-metzger.de/fleisch/286-rinderschulter-rund.html	8.19				neu	0.51	http://www.alber-der-metzger.de/355-thickbox_default/rinderschulter-rund.jpg	:::9.99	auf lager	Fleisch
287	Rindermaiserl		http://www.alber-der-metzger.de/fleisch/287-rindermaiserl.html	9.29				neu	0.00	http://www.alber-der-metzger.de/265-thickbox_default/rindermaiserl.jpg	:::9.99	auf lager	Fleisch
289	Rindergulasch durchwachsen		http://www.alber-der-metzger.de/fleisch/289-rindergulasch-durchwachsen.html	6.69				neu	0.51	http://www.alber-der-metzger.de/267-thickbox_default/rindergulasch-durchwachsen.jpg	:::9.99	auf lager	Fleisch
290	Rindergulasch mager		http://www.alber-der-metzger.de/fleisch/290-rindergulasch-mager.html	9.95				neu	0.00	http://www.alber-der-metzger.de/268-thickbox_default/rindergulasch-mager.jpg	:::9.99	auf lager	Fleisch
291	Gulaschsuppenfleisch		http://www.alber-der-metzger.de/fleisch/291-gulaschsuppenfleisch.html	9.99				neu	0.51	http://www.alber-der-metzger.de/269-thickbox_default/gulaschsuppenfleisch.jpg	:::9.99	auf lager	Fleisch
292	Unterschale		http://www.alber-der-metzger.de/fleisch/292-unterschale.html	8.79				neu	0.00	http://www.alber-der-metzger.de/270-thickbox_default/unterschale.jpg	:::9.99	auf lager	Fleisch
293	Rinderhüfte		http://www.alber-der-metzger.de/fleisch/293-rinderhufte.html	9.99				neu	0.51	http://www.alber-der-metzger.de/271-thickbox_default/rinderhufte.jpg	:::9.99	auf lager	Fleisch
295	Rinderfiletsteak		http://www.alber-der-metzger.de/fleisch/295-rinderfiletsteak.html	17.99				neu	0.41	http://www.alber-der-metzger.de/354-thickbox_default/rinderfiletsteak.jpg	:::9.99	auf lager	Fleisch
296	Roastbeef		http://www.alber-der-metzger.de/fleisch/296-roastbeef.html	9.39				neu	0.41	http://www.alber-der-metzger.de/274-thickbox_default/roastbeef.jpg	:::9.99	auf lager	Fleisch
297	Entrecote		http://www.alber-der-metzger.de/fleisch/297-entrecote.html	9.19				neu	0.41	http://www.alber-der-metzger.de/275-thickbox_default/entrecote.jpg	:::9.99	auf lager	Fleisch
298	Rinderlende		http://www.alber-der-metzger.de/fleisch/298-rinderlende.html	9.29				neu	0.41	http://www.alber-der-metzger.de/276-thickbox_default/rinderlende.jpg	:::9.99	auf lager	Fleisch
299	Rinderhüftsteak		http://www.alber-der-metzger.de/fleisch/299-rinderhuftsteak.html	10.49				neu	0.51	http://www.alber-der-metzger.de/404-thickbox_default/rinderhuftsteak.jpg	:::9.99	auf lager	Fleisch
300	Suppenknochen		http://www.alber-der-metzger.de/fleisch/300-suppenknochen.html	1.90				neu	0.51	http://www.alber-der-metzger.de/359-thickbox_default/suppenknochen.jpg	:::9.99	auf lager	Fleisch
301	Bürgermeisterstück		http://www.alber-der-metzger.de/fleisch/301-burgermeisterstuck.html	9.49				neu	0.51	http://www.alber-der-metzger.de/279-thickbox_default/burgermeisterstuck.jpg	:::9.99	auf lager	Fleisch
302	Zwerchrippe		http://www.alber-der-metzger.de/fleisch/302-zwerchrippe.html	4.49				neu	0.51	http://www.alber-der-metzger.de/360-thickbox_default/zwerchrippe.jpg	:::9.99	auf lager	Fleisch
303	Ochsenschwanz		http://www.alber-der-metzger.de/fleisch/303-ochsenschwanz.html	4.79				neu	0.51	http://www.alber-der-metzger.de/281-thickbox_default/ochsenschwanz.jpg	:::9.99	auf lager	Fleisch
304	Rinderbrust		http://www.alber-der-metzger.de/fleisch/304-rinderbrust.html	6.49				neu	0.51	http://www.alber-der-metzger.de/282-thickbox_default/rinderbrust.jpg	:::9.99	auf lager	Fleisch
305	Rinderschulter flach		http://www.alber-der-metzger.de/fleisch/305-rinderschulter-flach.html	7.99				neu	0.51	http://www.alber-der-metzger.de/405-thickbox_default/rinderschulter-flach.jpg	:::9.99	auf lager	Fleisch
306	Rinderhochrippe		http://www.alber-der-metzger.de/fleisch/306-rinderhochrippe.html	12.49				neu	1.01	http://www.alber-der-metzger.de/284-thickbox_default/rinderhochrippe.jpg	:::9.99	auf lager	Fleisch
307	Schweinelende		http://www.alber-der-metzger.de/fleisch/307-schweinelende.html	1.90				neu	0.00	http://www.alber-der-metzger.de/285-thickbox_default/schweinelende.jpg	:::9.99	auf lager	Fleisch
308	Schweinekotelett		http://www.alber-der-metzger.de/fleisch/308-schweinekotelett.html	1.75				neu	0.00	http://www.alber-der-metzger.de/286-thickbox_default/schweinekotelett.jpg	:::9.99	auf lager	Fleisch
309	Schweinenackensteaks		http://www.alber-der-metzger.de/fleisch/309-schweinenackensteaks.html	1.89				neu	0.21	http://www.alber-der-metzger.de/366-thickbox_default/schweinenackensteaks.jpg	:::9.99	auf lager	Fleisch
310	Schweinehüftsteak geschn.		http://www.alber-der-metzger.de/fleisch/310-schweinehuftsteak-geschn.html	2.69				neu	0.00	http://www.alber-der-metzger.de/367-thickbox_default/schweinehuftsteak-geschn.jpg	:::9.99	auf lager	Fleisch
311	Schweinebauch in Scheiben		http://www.alber-der-metzger.de/fleisch/311-schweinebauch-in-scheiben.html	1.69				neu	0.00	http://www.alber-der-metzger.de/365-thickbox_default/schweinebauch-in-scheiben.jpg	:::9.99	auf lager	Fleisch
312	Schweinenuss Geschnetzelt		http://www.alber-der-metzger.de/fleisch/312-schweinenuss-geschnetzelt.html	4.25				neu	0.00	http://www.alber-der-metzger.de/368-thickbox_default/schweinenuss-geschnetzelt.jpg	:::9.99	auf lager	Fleisch
313	Schweineoberschale Schnitzel		http://www.alber-der-metzger.de/fleisch/313-schweineoberschale-schnitzel.html	3.49				neu	0.00	http://www.alber-der-metzger.de/369-thickbox_default/schweineoberschale-schnitzel.jpg	:::9.99	auf lager	Fleisch
314	Schweinefilet		http://www.alber-der-metzger.de/fleisch/314-schweinefilet.html	7.99				neu	0.00	http://www.alber-der-metzger.de/370-thickbox_default/schweinefilet.jpg	:::9.99	auf lager	Fleisch
315	Schweinenacken o. Kn.		http://www.alber-der-metzger.de/fleisch/315-schweinenacken-o-kn.html	4.39				neu	0.00	http://www.alber-der-metzger.de/371-thickbox_default/schweinenacken-o-kn.jpg	:::9.99	auf lager	Fleisch
316	Schweineschulter dick		http://www.alber-der-metzger.de/fleisch/316-schweineschulter-dick.html	3.99				neu	0.00	http://www.alber-der-metzger.de/372-thickbox_default/schweineschulter-dick.jpg	:::9.99	auf lager	Fleisch
317	Schweinehüfte m. Schwarte		http://www.alber-der-metzger.de/fleisch/317-schweinehufte-m-schwarte.html	3.99				neu	0.00	http://www.alber-der-metzger.de/361-thickbox_default/schweinehufte-m-schwarte.jpg	:::9.99	auf lager	Fleisch
319	Schweinehaxe vorn		http://www.alber-der-metzger.de/fleisch/319-schweinehaxe-vorn.html	2.49				neu	0.00	http://www.alber-der-metzger.de/409-thickbox_default/schweinehaxe-vorn.jpg	:::9.99	auf lager	Fleisch
320	Schweinehaxe hinten		http://www.alber-der-metzger.de/fleisch/320-schweinehaxe-hinten.html	5.75				neu	0.00	http://www.alber-der-metzger.de/298-thickbox_default/schweinehaxe-hinten.jpg	:::9.99	auf lager	Fleisch
321	Rollbraten Hals		http://www.alber-der-metzger.de/fleisch/321-rollbraten-hals.html	9.50				neu	0.00	http://www.alber-der-metzger.de/411-thickbox_default/rollbraten-hals.jpg	:::9.99	auf lager	Fleisch
322	Rollbraten Bauch		http://www.alber-der-metzger.de/fleisch/322-rollbraten-bauch.html	8.49				neu	0.00	http://www.alber-der-metzger.de/300-thickbox_default/rollbraten-bauch.jpg	:::9.99	auf lager	Fleisch
323	Schweinefleischknochen		http://www.alber-der-metzger.de/fleisch/323-schweinefleischknochen.html	2.50				neu	0.00	http://www.alber-der-metzger.de/362-thickbox_default/schweinefleischknochen.jpg	:::9.99	auf lager	Fleisch
324	Brustrippchen		http://www.alber-der-metzger.de/fleisch/324-brustrippchen.html	4.45				neu	0.51	http://www.alber-der-metzger.de/363-thickbox_default/brustrippchen.jpg	:::9.99	auf lager	Fleisch
330	Schweinebauch o. Kn.		http://www.alber-der-metzger.de/fleisch/330-schweinebauch-o-kn.html	5.95				neu	0.00	http://www.alber-der-metzger.de/308-thickbox_default/schweinebauch-o-kn.jpg	:::9.99	auf lager	Fleisch
331	Surhals		http://www.alber-der-metzger.de/fleisch/331-surhals.html	9.39				neu	0.00	http://www.alber-der-metzger.de/309-thickbox_default/surhals.jpg	:::9.99	auf lager	Fleisch
332	Surwammerl		http://www.alber-der-metzger.de/fleisch/332-surwammerl.html	8.49				neu	0.00	http://www.alber-der-metzger.de/310-thickbox_default/surwammerl.jpg	:::9.99	auf lager	Fleisch
333	Hintere Surhaxe		http://www.alber-der-metzger.de/fleisch/333-hintere-surhaxe.html	5.95				neu	0.00	http://www.alber-der-metzger.de/311-thickbox_default/hintere-surhaxe.jpg	:::9.99	auf lager	Fleisch
337	Schweinekopf o. Backe		http://www.alber-der-metzger.de/fleisch/337-schweinekopf-o-backe.html	3.90				neu	0.00	http://www.alber-der-metzger.de/315-thickbox_default/schweinekopf-o-backe.jpg	:::9.99	auf lager	Fleisch
338	Schweinekopf mit Backe		http://www.alber-der-metzger.de/fleisch/338-schweinekopf-mit-backe.html	7.99				neu	0.00	http://www.alber-der-metzger.de/349-thickbox_default/schweinekopf-mit-backe.jpg	:::9.99	auf lager	Fleisch
339	Kalbsfilet		http://www.alber-der-metzger.de/kalbfleisch/339-kalbsfilet.html	24.49				neu	0.00	http://www.alber-der-metzger.de/317-thickbox_default/kalbsfilet.jpg	:::0.00	auf lager	Kalbfleisch
342	Kalbslende im Stück		http://www.alber-der-metzger.de/kalbfleisch/342-kalbslende-im-stuck.html	16.45				neu	0.00	http://www.alber-der-metzger.de/320-thickbox_default/kalbslende-im-stuck.jpg	:::9.99	auf lager	Kalbfleisch
345	kalbsunterschale Schnitzel		http://www.alber-der-metzger.de/kalbfleisch/345-kalbsunterschale-schnitzel.html	8.59				neu	0.00	http://www.alber-der-metzger.de/323-thickbox_default/kalbsunterschale-schnitzel.jpg	:::9.99	auf lager	Kalbfleisch
347	Kalbsgulasch aus der Keule	Kalbsgulasch	http://www.alber-der-metzger.de/kalbfleisch/347-kalbsnuss-gulasch.html	12.49				neu	0.51	http://www.alber-der-metzger.de/325-thickbox_default/kalbsnuss-gulasch.jpg	:::9.99	auf lager	Kalbfleisch
348	Kalbshüfte	Kalbshüfte	http://www.alber-der-metzger.de/kalbfleisch/348-kalbshufte.html	11.49				neu	0.00	http://www.alber-der-metzger.de/326-thickbox_default/kalbshufte.jpg	:::9.99	auf lager	Kalbfleisch
354	Rollbraten Kalbshals		http://www.alber-der-metzger.de/kalbfleisch/354-rollbraten-kalbshals.html	17.90				neu	0.00	http://www.alber-der-metzger.de/332-thickbox_default/rollbraten-kalbshals.jpg	:::9.99	auf lager	Kalbfleisch
356	Kalbsbrust o. Kn.		http://www.alber-der-metzger.de/kalbfleisch/356-kalbsbrust-o-kn.html	15.90				neu	0.00	http://www.alber-der-metzger.de/334-thickbox_default/kalbsbrust-o-kn.jpg	:::9.99	auf lager	Kalbfleisch
367	Kalbshaxe vorn	vordere Kalbshaxe	http://www.alber-der-metzger.de/kalbfleisch/367-kalbshaxe-vorn.html	14.90				neu	1.01	http://www.alber-der-metzger.de/408-thickbox_default/kalbshaxe-vorn.jpg	:::9.99	auf lager	Kalbfleisch
368	Kalbshaxe hinten	Kalbshaxe	http://www.alber-der-metzger.de/kalbfleisch/368-kalbshaxe-hinten.html	15.90				neu	1.01	http://www.alber-der-metzger.de/407-thickbox_default/kalbshaxe-hinten.jpg	:::9.99	auf lager	Kalbfleisch
371	Vronis bayerische Frühlingsrollen	Zutaten: Enthält: 37,5% Weißwurst (Schweinefleisch, Kalb- oder Jungrindfleisch, Trinkwasser, Kochsalz, Gewürze, Stabilisatoren: Poly- und Diphosphate E450 E452, Mononatriumglutamat E621), 30 % Krautsalat (Weißkraut 85 %, Branntweinessig, Pflanzenöl, Räucherspeck 2% (Schweinefleisch, Nitritpökelsalz (Kochsalz, Konservierungsstoffe: Natriumnitrit, Kaliumnitrat), Gewürze, Zucker, Dextrose, Gewürzextrakte, Antioxidationsmittel: Natriumascorbat; Rauch), Trinkwasser, Gewürze, Gemüse, Sellerie, Speisesalz, Kräuter, Säuerungsmittel: Citronensäure, Äpfelsäure, Weinsäure; Antioxidationsmittel: Ascorbinsäure; Säureregulator: Natriumacetat; Aromen, Süßstoff: Saccharin; Geschmacksverstärker: Mononatriumglutamat, Dinatriumguanylat, Dinatriuminosinat. SELLERIE), 30,55 % Frühlingsrollenteig (WEIZENmehl 48%, Wasser, Kokosöl, Salz). 1,90 % süßer Senf (Wasser, brauner Zucker, SENFSAATEN, Branntweinessig, Gewürze.) 0,05 % HÜHNEREI	http://www.alber-der-metzger.de/home/371-vronis-bayerische-fruehlingsrollen.html	4.49				neu	0.00	http://www.alber-der-metzger.de/387-thickbox_default/vronis-bayerische-fruehlingsrollen.jpg	:::9.99	auf lager	Start
372	Flanksteak	Flanksteak vom heimischen hausgeschlachteten Jungbullen	http://www.alber-der-metzger.de/rindfleisch/372-flanksteak.html	18.99				neu	1.25	http://www.alber-der-metzger.de/412-thickbox_default/flanksteak.jpg	:::9.99	auf lager	Rindfleisch